YEAR,MONTH,DAY,RAINFALL,WIND_SPEED,WIND_DIRECTION
2020,1,1,30.4,4,40
2020,1,2,4.6,4,50
2020,1,3,44.8,3,40
2020,1,4,40.4,3,60
2020,1,5,54.6,3,40
2020,1,6,75,3,40
2020,1,7,40.9,1,30
2020,1,8,5.4,2,60
2020,1,9,-1,2,40
2020,1,10,0,2,50
2020,1,11,1.8,2,50
2020,1,12,0,1,50
2020,1,13,0,2,50
2020,1,14,-1,5,40
2020,1,15,0.6,3,30
2020,1,16,56.6,1,50
2020,1,17,0,1,90
2020,1,18,8,3,40
2020,1,19,0.1,3,40
2020,1,20,-1,3,60
2020,1,21,0.2,3,40
2020,1,22,0.4,3,60
2020,1,23,17.7,3,60
2020,1,24,80.2,2,60
2020,1,25,45.8,1,20
2020,1,26,0,1,30
2020,1,27,0,2,70
2020,1,28,0,1,80
2020,1,29,0,1,290
2020,1,30,-1,2,50
2020,1,31,-1,3,50
2020,2,1,0.4,3,30
2020,2,2,0,3,40
2020,2,3,0,3,40
2020,2,4,-1,2,60
2020,2,5,5.4,4,40
2020,2,6,37.2,3,50
2020,2,7,9.2,2,50
2020,2,8,12.9,2,60
2020,2,9,5.1,4,40
2020,2,10,-1,3,30
2020,2,11,6,2,60
2020,2,12,7.4,2,60
2020,2,13,1.5,3,30
2020,2,14,1.8,3,70
2020,2,15,0,2,40
2020,2,16,0,2,70
2020,2,17,0,3,40
2020,2,18,2.6,4,40
2020,2,19,-1,5,40
2020,2,20,3,4,30
2020,2,21,14.4,4,40
2020,2,22,5.2,3,30
2020,2,23,6.4,4,50
2020,2,24,3.8,3,50
2020,2,25,4.8,2,60
2020,2,26,5.4,2,40
2020,2,27,1.6,3,40
2020,2,28,2,3,40
2020,2,29,-1,2,40
2020,3,1,0.4,2,40
2020,3,2,2.7,3,30
2020,3,3,2.1,2,40
2020,3,4,0,2,80
2020,3,5,-1,2,30
2020,3,6,159.4,1,50
2020,3,7,2,1,60
2020,3,8,0,1,50
2020,3,9,0,2,30
2020,3,10,0,2,80
2020,3,11,0,3,90
2020,3,12,0,2,70
2020,3,13,0,2,50
2020,3,14,0.6,2,80
2020,3,15,0,2,50
2020,3,16,22,2,30
2020,3,17,15.7,2,40
2020,3,18,2.6,2,40
2020,3,19,4.2,2,80
2020,3,20,0,2,80
2020,3,21,6.1,2,40
2020,3,22,-1,2,90
2020,3,23,-1,2,40
2020,3,24,0,2,40
2020,3,25,0,3,60
2020,3,26,0.4,3,40
2020,3,27,-1,3,30
2020,3,28,0.2,2,40
2020,3,29,0,2,30
2020,3,30,0,2,80
2020,3,31,-1,2,40
2020,4,1,0.2,2,90
2020,4,2,5,2,80
2020,4,3,9.4,2,40
2020,4,4,0,2,40
2020,4,5,1.7,2,50
2020,4,6,0,2,40
2020,4,7,0,2,40
2020,4,8,0,2,90
2020,4,9,0,2,80
2020,4,10,0,2,90
2020,4,11,0,2,90
2020,4,12,0,1,90
2020,4,13,0,2,30
2020,4,14,-1,2,40
2020,4,15,0,2,60
2020,4,16,1.2,2,40
2020,4,17,0.4,2,60
2020,4,18,0,2,50
2020,4,19,-1,2,40
2020,4,20,0.9,2,40
2020,4,21,6.9,2,40
2020,4,22,0,2,50
2020,4,23,3.2,2,50
2020,4,24,-1,2,40
2020,4,25,11.9,3,30
2020,4,26,1.6,2,40
2020,4,27,0,2,80
2020,4,28,0.4,2,30
2020,4,29,31.7,1,40
2020,4,30,1.2,2,40
2020,5,1,-1,2,40
2020,5,2,48.6,1,40
2020,5,3,41.8,1,60
2020,5,4,9.4,2,40
2020,5,5,0,2,50
2020,5,6,0,2,50
2020,5,7,0,2,90
2020,5,8,0,2,40
2020,5,9,0,2,50
2020,5,10,40.4,4,60
2020,5,11,0,2,40
2020,5,12,0,2,30
2020,5,13,4.6,2,40
2020,5,14,117.4,3,60
2020,5,15,9,1,50
2020,5,16,9.8,1,20
2020,5,17,-1,1,40
2020,5,18,0,1,40
2020,5,19,0,1,70
2020,5,20,0.4,2,50
2020,5,21,0,1,80
2020,5,22,0,1,70
2020,5,23,-1,2,90
2020,5,24,1.8,1,30
2020,5,25,0.7,1,30
2020,5,26,0,2,20
2020,5,27,0,2,30
2020,5,28,0,2,90
2020,5,29,0,2,80
2020,5,30,0.4,2,70
2020,5,31,0.9,2,90
2020,6,1,0,1,80
2020,6,2,0,1,90
2020,6,3,0,1,90
2020,6,4,-1,2,80
2020,6,5,0,2,90
2020,6,6,14.3,2,90
2020,6,7,0,1,50
2020,6,8,2.8,2,60
2020,6,9,6.5,2,90
2020,6,10,35,1,30
2020,6,11,46.7,1,230
2020,6,12,2.8,1,160
2020,6,13,0.5,1,70
2020,6,14,14.4,1,40
2020,6,15,-1,2,90
2020,6,16,1.5,2,90
2020,6,17,2.4,5,90
2020,6,18,3.2,2,80
2020,6,19,11.6,1,240
2020,6,20,0,1,70
2020,6,21,0,1,40
2020,6,22,0,2,60
2020,6,23,0,2,40
2020,6,24,3.6,2,90
2020,6,25,8.7,2,30
2020,6,26,6.7,1,80
2020,6,27,-1,1,80
2020,6,28,6.8,1,240
2020,6,29,0,1,200
2020,6,30,1,1,220
2020,7,1,1.4,1,40
2020,7,2,1.4,2,50
2020,7,3,21.1,1,80
2020,7,4,0.4,1,300
2020,7,5,0.4,1,200
2020,7,6,6.6,1,50
2020,7,7,-1,2,80
2020,7,8,-1,1,60
2020,7,9,0,1,60
2020,7,10,-1,1,90
2020,7,11,0,1,90
2020,7,12,-1,1,260
2020,7,13,6.4,1,240
2020,7,14,0,1,70
2020,7,15,0,2,60
2020,7,16,0,2,80
2020,7,17,7.3,1,60
2020,7,18,21,2,90
2020,7,19,5.4,1,60
2020,7,20,0,1,60
2020,7,21,4.7,1,40
2020,7,22,0,1,100
2020,7,23,14.2,1,60
2020,7,24,0.9,1,60
2020,7,25,0,1,90
2020,7,26,0,1,60
2020,7,27,17.6,1,90
2020,7,28,16.4,1,240
2020,7,29,5.2,1,230
2020,7,30,0.3,1,240
2020,7,31,5.6,1,220
2020,8,1,3,1,230
2020,8,2,0,1,80
2020,8,3,0.3,1,50
2020,8,4,45.1,1,60
2020,8,5,6.4,1,50
2020,8,6,0.6,1,30
2020,8,7,56.8,3,250
2020,8,8,2.4,2,240
2020,8,9,0,2,220
2020,8,10,0,1,180
2020,8,11,20.6,1,40
2020,8,12,-1,1,50
2020,8,13,1.5,1,250
2020,8,14,16.6,1,80
2020,8,15,16.4,1,220
2020,8,16,19.4,1,80
2020,8,17,21.6,1,90
2020,8,18,1.2,1,250
2020,8,19,9.2,1,220
2020,8,20,1.2,1,230
2020,8,21,0,1,220
2020,8,22,1.4,1,240
2020,8,23,0.9,1,280
2020,8,24,0,2,240
2020,8,25,-1,2,220
2020,8,26,0,2,240
2020,8,27,1.6,2,240
2020,8,28,0,3,250
2020,8,29,-1,3,250
2020,8,30,1,4,240
2020,8,31,0,2,240
2020,9,1,0,2,250
2020,9,2,0,1,220
2020,9,3,0,1,50
2020,9,4,0,1,70
2020,9,5,0,2,230
2020,9,6,0,2,240
2020,9,7,-1,1,70
2020,9,8,2.8,1,80
2020,9,9,0,1,60
2020,9,10,4.1,1,210
2020,9,11,1.8,1,300
2020,9,12,2.8,1,40
2020,9,13,-1,1,90
2020,9,14,44.2,2,50
2020,9,15,19.5,1,140
2020,9,16,31.8,1,190
2020,9,17,0.4,1,240
2020,9,18,0,1,60
2020,9,19,0,1,70
2020,9,20,1.4,2,60
2020,9,21,3.3,1,60
2020,9,22,41.8,1,200
2020,9,23,35.2,1,220
2020,9,24,15,1,230
2020,9,25,-1,1,230
2020,9,26,0,1,210
2020,9,27,-1,1,80
2020,9,28,0.1,1,100
2020,9,29,-1,1,240
2020,9,30,13,1,260
2020,10,1,1.6,1,220
2020,10,2,0.5,1,240
2020,10,3,53.7,1,280
2020,10,4,21,1,100
2020,10,5,0.1,1,190
2020,10,6,-1,1,80
2020,10,7,3.1,1,290
2020,10,8,13.5,1,230
2020,10,9,-1,1,300
2020,10,10,9.3,1,240
2020,10,11,8.4,1,260
2020,10,12,0.4,1,80
2020,10,13,54.6,2,290
2020,10,14,33.5,1,250
2020,10,15,126.9,1,70
2020,10,16,0,1,90
2020,10,17,0,1,260
2020,10,18,1.2,1,30
2020,10,19,10.7,1,40
2020,10,20,18.2,1,220
2020,10,21,34,1,250
2020,10,22,-1,1,200
2020,10,23,1,1,230
2020,10,24,6.7,1,280
2020,10,25,282.7,4,140
2020,10,26,11.4,1,150
2020,10,27,0,1,170
2020,10,28,9.2,1,290
2020,10,29,3.6,2,30
2020,10,30,5,2,40
2020,10,31,166.7,4,10
2020,11,1,106.2,4,240
2020,11,2,5.6,2,220
2020,11,3,0.8,2,240
2020,11,4,4.2,1,50
2020,11,5,0,1,70
2020,11,6,0.4,2,60
2020,11,7,32,2,60
2020,11,8,0,1,70
2020,11,9,0.1,2,60
2020,11,10,43.8,2,280
2020,11,11,173.5,5,230
2020,11,12,0,1,170
2020,11,13,0.6,2,80
2020,11,14,24.6,3,50
2020,11,15,0.4,2,50
2020,11,16,1.3,2,40
2020,11,17,19.1,2,60
2020,11,18,8.3,2,60
2020,11,19,0.4,2,40
2020,11,20,20.8,2,80
2020,11,21,0.8,2,70
2020,11,22,12.2,3,40
2020,11,23,0.7,3,40
2020,11,24,0.4,3,40
2020,11,25,0,3,20
2020,11,26,9.4,3,50
2020,11,27,62.9,2,40
2020,11,28,19.7,2,40
2020,11,29,1,3,40
2020,11,30,8.6,3,10
2020,12,1,17.2,2,40
2020,12,2,2.6,2,50
2020,12,3,-1,1,230
2020,12,4,5.5,1,70
2020,12,5,1.6,2,60
2020,12,6,35.3,2,40
2020,12,7,6,2,50
2020,12,8,6.7,2,40
2020,12,9,29,1,40
2020,12,10,-1,2,50
2020,12,11,9.2,2,60
2020,12,12,0,2,50
2020,12,13,0,2,60
2020,12,14,4,2,40
2020,12,15,0.8,3,40
2020,12,16,23.4,2,40
2020,12,17,30,3,40
2020,12,18,70.4,3,50
2020,12,19,76.3,3,50
2020,12,20,18,3,40
2020,12,21,4.4,2,50
2020,12,22,9.2,1,60
2020,12,23,0.4,2,80
2020,12,24,0,2,50
2020,12,25,4.4,3,40
2020,12,26,82.7,2,40
2020,12,27,0.9,1,60
2020,12,28,0,1,150
2020,12,29,-1,2,90
2020,12,30,37,2,60
2020,12,31,188.2,4,30
2021,1,1,50.4,3,30
2021,1,2,25.9,3,40
2021,1,3,28.1,2,50
2021,1,4,23.8,2,40
2021,1,5,24.8,3,50
2021,1,6,17.4,2,50
2021,1,7,30.3,3,40
2021,1,8,82.2,3,40
2021,1,9,34.9,5,40
2021,1,10,1.3,6,30
2021,1,11,0.3,4,30
2021,1,12,-1,5,30
2021,1,13,35,4,40
2021,1,14,24.2,2,30
2021,1,15,0.1,3,30
2021,1,16,0.4,4,30
2021,1,17,25.4,3,40
2021,1,18,28.6,3,30
2021,1,19,19.4,2,360
2021,1,20,0.5,2,60
2021,1,21,6.6,2,20
2021,1,22,0,1,360
2021,1,23,0,1,360
2021,1,24,0,2,360
2021,1,25,0,2,360
2021,1,26,0,2,50
2021,1,27,30.8,2,20
2021,1,28,2,4,20
2021,1,29,0,5,30
2021,1,30,-1,4,360
2021,1,31,6.4,3,20
2021,2,1,4.4,3,30
2021,2,2,2.1,3,40
2021,2,3,52.4,4,40
2021,2,4,4.9,4,360
2021,2,5,40.8,2,20
2021,2,6,5,3,10
2021,2,7,11.6,3,30
2021,2,8,87.1,3,40
2021,2,9,106.6,3,40
2021,2,10,0.8,1,360
2021,2,11,1.2,1,360
2021,2,12,9.6,2,360
2021,2,13,0,3,360
2021,2,14,0,2,20
2021,2,15,-1,3,360
2021,2,16,0,3,40
2021,2,17,-1,4,40
2021,2,18,0.4,4,40
2021,2,19,0,6,40
2021,2,20,1.9,4,40
2021,2,21,25.8,3,40
2021,2,22,42.2,1,360
2021,2,23,0,2,50
2021,2,24,0,2,360
2021,2,25,0,2,50
2021,2,26,0,2,80
2021,2,27,1.2,2,30
2021,2,28,2.8,3,40
2021,3,1,0,2,360
2021,3,2,1.3,2,80
2021,3,3,7.4,3,40
2021,3,4,0,3,30
2021,3,5,7.6,3,40
2021,3,6,0,2,40
2021,3,7,-1,2,60
2021,3,8,76.8,2,40
2021,3,9,5.2,3,70
2021,3,10,5.2,3,50
2021,3,11,60.6,3,50
2021,3,12,46,2,60
2021,3,13,11.8,3,40
2021,3,14,1,1,360
2021,3,15,1.4,1,360
2021,3,16,0,1,90
2021,3,17,0,2,20
2021,3,18,10.1,2,70
2021,3,19,6.2,2,80
2021,3,20,11.5,2,40
2021,3,21,24.5,2,40
2021,3,22,12.8,2,50
2021,3,23,49.6,3,40
2021,3,24,1,3,40
2021,3,25,3.4,2,40
2021,3,26,5,2,40
2021,3,27,1.4,2,40
2021,3,28,5.6,2,30
2021,3,29,0,2,360
2021,3,30,-1,2,40
2021,3,31,0,3,90
2021,4,1,-1,2,50
2021,4,2,-1,3,40
2021,4,3,-1,2,60
2021,4,4,0,3,40
2021,4,5,0,2,50
2021,4,6,0,4,40
2021,4,7,0,3,50
2021,4,8,0,3,50
2021,4,9,0,3,40
2021,4,10,0,3,50
2021,4,11,0,3,50
2021,4,12,5.6,3,40
2021,4,13,-1,2,360
2021,4,14,0.4,2,60
2021,4,15,6.2,1,90
2021,4,16,0.8,2,30
2021,4,17,0,3,30
2021,4,18,79.4,4,250
2021,4,19,35.8,4,270
2021,4,20,-1,2,230
2021,4,21,0,3,230
2021,4,22,3.8,2,230
2021,4,23,71.8,1,220
2021,4,24,0,2,360
2021,4,25,22.2,2,50
2021,4,26,-1,2,60
2021,4,27,5.4,2,40
2021,4,28,0,2,60
2021,4,29,0,1,360
2021,4,30,0,1,360
2021,5,1,0,2,90
2021,5,2,1.4,2,60
2021,5,3,12.9,3,60
2021,5,4,0.8,3,40
2021,5,5,21.8,3,50
2021,5,6,32.1,3,50
2021,5,7,0,2,90
2021,5,8,12.2,1,360
2021,5,9,6.4,2,50
2021,5,10,4.6,2,60
2021,5,11,21.9,2,40
2021,5,12,3.7,2,50
2021,5,13,9.9,2,40
2021,5,14,10.1,2,60
2021,5,15,15.5,2,60
2021,5,16,1.7,2,20
2021,5,17,22.7,2,40
2021,5,18,9.6,2,40
2021,5,19,1.8,2,70
2021,5,20,19.3,1,360
2021,5,21,1,1,360
2021,5,22,0,1,360
2021,5,23,0,2,80
2021,5,24,0,2,30
2021,5,25,16.4,1,360
2021,5,26,0,1,360
2021,5,27,2.8,2,30
2021,5,28,11.6,1,360
2021,5,29,0,1,360
2021,5,30,0,1,360
2021,5,31,0.4,1,360
2021,6,1,10.5,2,40
2021,6,2,0.5,1,360
2021,6,3,0,2,220
2021,6,4,0,2,210
2021,6,5,50,2,240
2021,6,6,0.3,1,360
2021,6,7,5.4,1,360
2021,6,8,2.5,1,360
2021,6,9,35.8,1,360
2021,6,10,0.6,1,360
2021,6,11,10.3,1,360
2021,6,12,13.6,1,360
2021,6,13,21,1,360
2021,6,14,0,1,360
2021,6,15,0,1,360
2021,6,16,0,1,360
2021,6,17,0,1,360
2021,6,18,0,2,220
2021,6,19,0,3,240
2021,6,20,2,2,230
2021,6,21,2,3,250
2021,6,22,0,2,240
2021,6,23,0,1,360
2021,6,24,0,1,360
2021,6,25,14.6,1,360
2021,6,26,3.4,1,360
2021,6,27,0.5,1,360
2021,6,28,0,1,360
2021,6,29,0,1,360
2021,6,30,0,1,360
2021,7,1,2.8,1,360
2021,7,2,4,1,360
2021,7,3,1.4,1,360
2021,7,4,1.6,1,360
2021,7,5,1.2,1,360
2021,7,6,-1,1,360
2021,7,7,0,1,360
2021,7,8,28.6,2,360
2021,7,9,7.6,2,60
2021,7,10,5.3,1,360
2021,7,11,20.7,2,360
2021,7,12,8.1,1,60
2021,7,13,4.4,1,360
2021,7,14,0,1,360
2021,7,15,1.4,1,360
2021,7,16,48.6,1,360
2021,7,17,17,2,230
2021,7,18,6.6,2,240
2021,7,19,3.6,3,240
2021,7,20,12.7,2,230
2021,7,21,33.1,3,230
2021,7,22,47.9,4,240
2021,7,23,27,4,230
2021,7,24,3.1,4,240
2021,7,25,-1,4,240
2021,7,26,0,4,230
2021,7,27,4.4,4,230
2021,7,28,0.1,4,230
2021,7,29,0.2,4,240
2021,7,30,0,3,240
2021,7,31,-1,3,240
2021,8,1,0.2,3,240
2021,8,2,0,4,240
2021,8,3,1.5,4,230
2021,8,4,0,3,230
2021,8,5,0,3,240
2021,8,6,0,3,230
2021,8,7,0,3,220
2021,8,8,0,3,240
2021,8,9,6.9,1,360
2021,8,10,-1,2,250
2021,8,11,0,1,360
2021,8,12,0,1,360
2021,8,13,0,1,360
2021,8,14,3.7,1,360
2021,8,15,-1,1,360
2021,8,16,1.4,2,90
2021,8,17,0.8,1,360
2021,8,18,6.3,1,360
2021,8,19,22.6,1,360
2021,8,20,33.8,1,360
2021,8,21,0,1,360
2021,8,22,-1,1,360
2021,8,23,52.4,1,360
2021,8,24,0.3,1,360
2021,8,25,34.9,1,60
2021,8,26,9.2,1,50
2021,8,27,1.6,1,360
2021,8,28,2.5,1,360
2021,8,29,0,1,360
2021,8,30,0.2,1,360
2021,8,31,1.6,1,360
2021,9,1,1.5,1,360
2021,9,2,25.2,1,360
2021,9,3,0,1,360
2021,9,4,0.2,1,360
2021,9,5,0,1,360
2021,9,6,43.1,1,360
2021,9,7,49.3,2,360
2021,9,8,3.4,1,230
2021,9,9,12.2,2,240
2021,9,10,3.3,2,220
2021,9,11,2,1,360
2021,9,12,0.3,1,360
2021,9,13,1,1,360
2021,9,14,-1,1,360
2021,9,15,-1,2,360
2021,9,16,19,1,360
2021,9,17,0.6,1,50
2021,9,18,43,1,360
2021,9,19,1,1,360
2021,9,20,9.1,1,360
2021,9,21,3.9,1,360
2021,9,22,0.7,1,360
2021,9,23,5.2,1,360
2021,9,24,-1,2,30
2021,9,25,0,1,360
2021,9,26,36.6,1,360
2021,9,27,2,1,360
2021,9,28,11.2,1,360
2021,9,29,19.6,1,360
2021,9,30,0.8,1,240
2021,10,1,0,1,360
2021,10,2,8,1,360
2021,10,3,31.1,2,40
2021,10,4,51.5,2,50
2021,10,5,22.5,2,240
2021,10,6,-1,2,250
2021,10,7,4.2,1,360
2021,10,8,5.4,2,250
2021,10,9,4.3,2,260
2021,10,10,4,3,250
2021,10,11,-1,4,220
2021,10,12,12.3,2,180
2021,10,13,9.5,1,360
2021,10,14,0.2,1,360
2021,10,15,18,1,360
2021,10,16,0,1,360
2021,10,17,2.1,1,360
2021,10,18,26.6,2,60
2021,10,19,7.9,1,360
2021,10,20,6.8,1,360
2021,10,21,6.2,1,30
2021,10,22,55.6,2,40
2021,10,23,19.5,1,360
2021,10,24,2.5,1,60
2021,10,25,1.2,1,50
2021,10,26,22.4,1,40
2021,10,27,16,1,360
2021,10,28,9.2,2,40
2021,10,29,0,2,30
2021,10,30,0,2,60
2021,10,31,0,2,60
2021,11,1,0.3,2,40
2021,11,2,0.1,5,30
2021,11,3,6.4,2,40
2021,11,4,12.8,2,20
2021,11,5,3.4,2,60
2021,11,6,33.3,2,50
2021,11,7,31.9,1,30
2021,11,8,16.1,2,60
2021,11,9,4.2,2,50
2021,11,10,19.9,2,40
2021,11,11,18.6,2,40
2021,11,12,23.2,2,30
2021,11,13,31.5,1,360
2021,11,14,1.3,1,360
2021,11,15,40.2,2,50
2021,11,16,1.6,2,50
2021,11,17,13,2,360
2021,11,18,0,1,360
2021,11,19,0.8,1,360
2021,11,20,0,1,360
2021,11,21,0,1,360
2021,11,22,0.1,2,50
2021,11,23,5.6,2,50
2021,11,24,10.8,2,50
2021,11,25,17.3,2,50
2021,11,26,17.6,2,50
2021,11,27,59.8,2,360
2021,11,28,20.4,2,50
2021,11,29,2.8,1,360
2021,11,30,0,1,360
2021,12,1,57.3,2,30
2021,12,2,0.4,5,360
2021,12,3,1,3,40
2021,12,4,0.3,2,30
2021,12,5,1.5,3,30
2021,12,6,1.3,3,40
2021,12,7,13.8,3,30
2021,12,8,0.4,4,30
2021,12,9,-1,4,30
2021,12,10,8.2,3,40
2021,12,11,109.4,2,40
2021,12,12,12,2,50
2021,12,13,25.4,2,30
2021,12,14,0.2,3,40
2021,12,15,1.8,3,30
2021,12,16,35.2,4,30
2021,12,17,2,1,360
2021,12,18,1.7,2,40
2021,12,19,27.3,1,20
2021,12,20,2,2,50
2021,12,21,0,2,50
2021,12,22,8.6,1,360
2021,12,23,0,2,60
2021,12,24,0,2,40
2021,12,25,9.3,2,40
2021,12,26,58.6,3,40
2021,12,27,36.6,3,40
2021,12,28,0,3,40
2021,12,29,6.2,3,40
2021,12,30,11.8,3,30
2021,12,31,0,4,40
2022,1,1,0,4,40
2022,1,2,2.4,3,40
2022,1,3,0.7,3,40
2022,1,4,2,3,40
2022,1,5,-1,3,50
2022,1,6,0,2,60
2022,1,7,-1,3,40
2022,1,8,0.2,2,70
2022,1,9,0,2,60
2022,1,10,0,2,90
2022,1,11,3.1,2,50
2022,1,12,6,3,50
2022,1,13,0.4,3,50
2022,1,14,0,3,50
2022,1,15,0.8,2,40
2022,1,16,0,3,50
2022,1,17,3.6,2,40
2022,1,18,0.1,3,20
2022,1,19,108.7,1,50
2022,1,20,30,2,40
2022,1,21,20.8,2,60
2022,1,22,46.5,2,40
2022,1,23,0.2,2,40
2022,1,24,12.1,2,40
2022,1,25,27.5,2,40
2022,1,26,14.7,2,50
2022,1,27,1.2,2,70
2022,1,28,4.8,2,30
2022,1,29,0,1,50
2022,1,30,-1,1,240
2022,1,31,3,3,50
2022,2,1,5.8,3,40
2022,2,2,12,3,40
2022,2,3,17.8,2,40
2022,2,4,64,2,40
2022,2,5,0.9,3,40
2022,2,6,1.6,3,50
2022,2,7,3.3,2,60
2022,2,8,3,3,60
2022,2,9,0,3,40
2022,2,10,0,3,40
2022,2,11,17.6,2,40
2022,2,12,53.9,2,60
2022,2,13,5.3,2,60
2022,2,14,0,2,80
2022,2,15,0,2,60
2022,2,16,2.4,2,50
2022,2,17,4.6,2,40
2022,2,18,-1,2,50
2022,2,19,27.8,2,40
2022,2,20,6.5,2,60
2022,2,21,10.5,2,50
2022,2,22,22.5,2,50
2022,2,23,6.8,2,40
2022,2,24,46.5,3,40
2022,2,25,1.6,2,60
2022,2,26,-1,3,60
2022,2,27,-1,3,40
2022,2,28,0.4,3,50
2022,3,1,7.8,2,30
2022,3,2,2.4,2,60
2022,3,3,5.8,2,50
2022,3,4,9.2,2,60
2022,3,5,0.6,2,40
2022,3,6,0.6,2,30
2022,3,7,13.4,1,50
2022,3,8,17,3,30
2022,3,9,30.6,3,30
2022,3,10,11.4,1,20
2022,3,11,-1,2,60
2022,3,12,0.6,1,20
2022,3,13,2.2,1,50
2022,3,14,1.3,2,60
2022,3,15,1.4,2,50
2022,3,16,5.4,2,50
2022,3,17,0,2,60
2022,3,18,0,1,80
2022,3,19,0.5,1,80
2022,3,20,4,2,80
2022,3,21,1.8,1,30
2022,3,22,7.4,1,50
2022,3,23,0,1,360
2022,3,24,5,1,70
2022,3,25,0.2,1,50
2022,3,26,1.2,1,70
2022,3,27,6.8,1,80
2022,3,28,73.6,1,60
2022,3,29,4.4,1,50
2022,3,30,1,0,0
2022,3,31,0.6,1,50
2022,4,1,12.4,1,60
2022,4,2,5.6,1,60
2022,4,3,0,1,30
2022,4,4,57.8,1,30
2022,4,5,2.9,1,60
2022,4,6,29.2,1,60
2022,4,7,31.3,1,40
2022,4,8,16.6,1,50
2022,4,9,22.8,0,0
2022,4,10,55.8,1,10
2022,4,11,84.2,1,30
2022,4,12,9.6,0,0
2022,4,13,4.4,0,0
2022,4,14,13.4,0,0
2022,4,15,-1,0,0
2022,4,16,0,0,0
2022,4,17,10.6,0,0
2022,4,18,-1,0,0
2022,4,19,4.5,0,0
2022,4,20,-1,1,70
2022,4,21,1.8,1,70
2022,4,22,24,2,60
2022,4,23,4.2,2,50
2022,4,24,45,2,50
2022,4,25,60.7,2,40
2022,4,26,44.2,1,30
2022,4,27,26.6,2,40
2022,4,28,-1,1,30
2022,4,29,3,2,30
2022,4,30,0,2,40
2022,5,1,2,2,40
2022,5,2,0,2,40
2022,5,3,-1,2,90
2022,5,4,-1,2,40
2022,5,5,4.4,2,60
2022,5,6,9.9,1,90
2022,5,7,0.2,3,60
2022,5,8,0.5,2,60
2022,5,9,-1,2,90
2022,5,10,62.2,2,90
2022,5,11,0.4,1,90
2022,5,12,0.8,2,90
2022,5,13,0,2,50
2022,5,14,11.9,1,90
2022,5,15,0,1,190
2022,5,16,0,1,90
2022,5,17,0,1,90
2022,5,18,58.8,2,50
2022,5,19,0,1,60
2022,5,20,0,2,60
2022,5,21,1.4,1,210
2022,5,22,6.8,1,260
2022,5,23,0,1,70
2022,5,24,0,2,80
2022,5,25,0,1,80
2022,5,26,0,1,60
2022,5,27,12,1,90
2022,5,28,4.4,1,220
2022,5,29,0,1,180
2022,5,30,3.6,1,90
2022,5,31,70.7,2,60
2022,6,1,0,1,200
2022,6,2,7.4,1,110
2022,6,3,0,1,90
2022,6,4,0,1,90
2022,6,5,0.3,1,90
2022,6,6,13.4,1,80
2022,6,7,8.6,1,230
2022,6,8,-1,1,290
2022,6,9,0,2,60
2022,6,10,4,2,70
2022,6,11,5,1,240
2022,6,12,0,1,80
2022,6,13,4.2,1,80
2022,6,14,1.2,2,60
2022,6,15,0,1,80
2022,6,16,15.2,2,80
2022,6,17,11.2,1,60
2022,6,18,3.4,1,70
2022,6,19,14.6,2,90
2022,6,20,13.4,2,70
2022,6,21,16,1,80
2022,6,22,14.8,1,50
2022,6,23,0,1,60
2022,6,24,0,2,50
2022,6,25,13.2,2,90
2022,6,26,15.6,1,90
2022,6,27,29.5,1,60
2022,6,28,28.4,1,70
2022,6,29,22,1,240
2022,6,30,0,2,220
2022,7,1,13.6,2,220
2022,7,2,0,1,70
2022,7,3,4.1,1,60
2022,7,4,1,1,60
2022,7,5,14,1,50
2022,7,6,-1,1,90
2022,7,7,11.2,1,130
2022,7,8,6.4,1,90
2022,7,9,19.9,1,90
2022,7,10,10.4,1,290
2022,7,11,18.8,1,240
2022,7,12,0.8,1,240
2022,7,13,2,1,210
2022,7,14,8,1,210
2022,7,15,0,1,60
2022,7,16,0,1,100
2022,7,17,58.2,2,280
2022,7,18,21.6,1,300
2022,7,19,1.2,2,80
2022,7,20,46.5,2,50
2022,7,21,3.7,2,50
2022,7,22,0,1,60
2022,7,23,0,1,90
2022,7,24,6.8,1,90
2022,7,25,7.6,1,300
2022,7,26,0,1,240
2022,7,27,7.4,2,250
2022,7,28,23.9,2,260
2022,7,29,30.8,1,260
2022,7,30,9.2,2,240
2022,7,31,-1,2,230
2022,8,1,24.8,1,220
2022,8,2,0,1,70
2022,8,3,13.4,2,80
2022,8,4,21.4,1,350
2022,8,5,13.1,2,240
2022,8,6,7.7,1,230
2022,8,7,8.8,1,230
2022,8,8,4,1,80
2022,8,9,0,1,20
2022,8,10,41.2,1,220
2022,8,11,0,1,280
2022,8,12,0.8,1,220
2022,8,13,63,2,290
2022,8,14,21.2,1,220
2022,8,15,0.8,1,240
2022,8,16,0,2,230
2022,8,17,6.2,1,240
2022,8,18,-1,1,280
2022,8,19,-1,1,90
2022,8,20,0,1,80
2022,8,21,51.8,2,240
2022,8,22,69.4,2,240
2022,8,23,2.1,2,210
2022,8,24,0,1,190
2022,8,25,-1,1,50
2022,8,26,4.4,1,40
2022,8,27,4.3,1,20
2022,8,28,0,1,40
2022,8,29,3.2,1,180
2022,8,30,32.4,1,230
2022,8,31,9.2,1,230
2022,9,1,0,2,230
2022,9,2,16,3,240
2022,9,3,8.8,2,240
2022,9,4,2.8,2,230
2022,9,5,-1,1,220
2022,9,6,0.3,1,300
2022,9,7,0,1,90
2022,9,8,7.4,1,80
2022,9,9,7.8,1,240
2022,9,10,0,2,250
2022,9,11,0,2,240
2022,9,12,0,2,260
2022,9,13,34,2,260
2022,9,14,2.8,2,260
2022,9,15,1.7,2,260
2022,9,16,0.2,3,240
2022,9,17,1.1,2,220
2022,9,18,0,2,250
2022,9,19,-1,2,250
2022,9,20,13.4,2,230
2022,9,21,6.4,1,230
2022,9,22,0,1,290
2022,9,23,0.4,1,290
2022,9,24,17.6,2,260
2022,9,25,20.4,2,240
2022,9,26,0,2,210
2022,9,27,-1,1,230
2022,9,28,12.4,1,230
2022,9,29,13.2,1,50
2022,9,30,0,1,100
2022,10,1,18,2,60
2022,10,2,6.1,2,40
2022,10,3,1.6,1,50
2022,10,4,1.4,2,40
2022,10,5,2.8,2,60
2022,10,6,8.6,2,50
2022,10,7,19.4,1,50
2022,10,8,-1,2,40
2022,10,9,0,2,60
2022,10,10,2.4,1,30
2022,10,11,0,2,280
2022,10,12,0,2,260
2022,10,13,20,2,270
2022,10,14,0.3,2,250
2022,10,15,5.6,2,240
2022,10,16,30,2,240
2022,10,17,0.6,2,250
2022,10,18,0,1,220
2022,10,19,13.4,0,0
2022,10,20,4.5,0,0
2022,10,21,0,1,80
2022,10,22,28.4,2,60
2022,10,23,24,1,60
2022,10,24,0.8,2,50
2022,10,25,8.2,2,60
2022,10,26,15.4,3,40
2022,10,27,21.4,3,40
2022,10,28,108.8,3,20
2022,10,29,50.4,3,180
2022,10,30,6.6,2,180
2022,10,31,0,2,190
2022,11,1,0,1,220
2022,11,2,-1,1,180
2022,11,3,2.4,2,100
2022,11,4,15.1,2,40
2022,11,5,8.4,2,60
2022,11,6,7.1,1,70
2022,11,7,8.3,1,60
2022,11,8,0.4,2,50
2022,11,9,19.8,1,60
2022,11,10,4.6,1,40
2022,11,11,5.8,2,70
2022,11,12,0.6,2,70
2022,11,13,2.8,2,60
2022,11,14,50,2,60
2022,11,15,35.7,2,40
2022,11,16,58.9,2,60
2022,11,17,24,2,40
2022,11,18,93.6,2,40
2022,11,19,12.2,1,40
2022,11,20,2.2,1,70
2022,11,21,49.8,2,40
2022,11,22,2.7,2,40
2022,11,23,2.8,2,50
2022,11,24,7,2,40
2022,11,25,3,2,80
2022,11,26,4,2,40
2022,11,27,5.1,2,50
2022,11,28,3.2,2,50
2022,11,29,0.4,2,70
2022,11,30,0.1,3,50
2022,12,1,10.9,3,70
2022,12,2,48.8,2,50
2022,12,3,9,2,50
2022,12,4,25.6,2,50
2022,12,5,0.3,1,50
2022,12,6,0.4,1,60
2022,12,7,0,2,50
2022,12,8,11.6,1,50
2022,12,9,13,1,130
2022,12,10,-1,1,240
2022,12,11,2,1,100
2022,12,12,0,1,100
2022,12,13,0,2,90
2022,12,14,7.3,1,40
2022,12,15,9.1,2,60
2022,12,16,0,2,60
2022,12,17,4.1,2,40
2022,12,18,160.2,2,50
2022,12,19,114.2,2,50
2022,12,20,67.4,1,50
2022,12,21,5.7,1,60
2022,12,22,5,3,40
2022,12,23,5.3,5,40
2022,12,24,2.6,5,40
2022,12,25,1,5,40
2022,12,26,-1,4,40
2022,12,27,-1,4,40
2022,12,28,12.6,3,30
2022,12,29,1.1,2,60
2022,12,30,11.6,2,70
2022,12,31,0.7,2,40
2023,1,1,4.8,2,40
2023,1,2,17.8,2,60
2023,1,3,84.3,3,60
2023,1,4,84.3,2,60
2023,1,5,43.8,2,60
2023,1,6,82,2,50
2023,1,7,7.8,3,50
2023,1,8,13.5,3,40
2023,1,9,0.8,4,30
2023,1,10,5.2,2,30
2023,1,11,1.8,3,30
2023,1,12,45.8,3,20
2023,1,13,63.4,2,40
2023,1,14,15.3,1,30
2023,1,15,23.4,2,30
2023,1,16,0.8,3,30
2023,1,17,6.8,1,60
2023,1,18,48.6,2,50
2023,1,19,75,3,30
2023,1,20,107.8,3,30
2023,1,21,29,3,40
2023,1,22,7.1,3,40
2023,1,23,2.8,3,40
2023,1,24,2.6,3,40
2023,1,25,2.6,5,50
2023,1,26,37.7,3,50
2023,1,27,28.4,2,40
2023,1,28,4.1,4,30
2023,1,29,4.4,4,30
2023,1,30,62.8,3,40
2023,1,31,18.2,3,40
2023,2,1,2.6,2,40
2023,2,2,8.2,2,40
2023,2,3,-1,3,40
2023,2,4,18.9,3,40
2023,2,5,24.8,2,60
2023,2,6,6,1,50
2023,2,7,8,2,50
2023,2,8,0.8,2,40
2023,2,9,4.4,3,50
2023,2,10,3,2,60
2023,2,11,-1,2,50
2023,2,12,3.1,2,70
2023,2,13,-1,4,40
2023,2,14,17.2,2,30
2023,2,15,67,3,30
2023,2,16,29,4,40
2023,2,17,3.4,3,40
2023,2,18,163.4,2,40
2023,2,19,10,1,220
2023,2,20,1.4,2,220
2023,2,21,0,2,30
2023,2,22,0,1,60
2023,2,23,0,2,50
2023,2,24,17.2,2,40
2023,2,25,2,3,50
2023,2,26,36.7,3,40
2023,2,27,0.6,5,40
2023,2,28,10.4,3,30
2023,3,1,11.8,3,50
2023,3,2,-1,4,40
2023,3,3,9,3,40
2023,3,4,0.5,4,40
2023,3,5,-1,4,40
2023,3,6,0,4,30
2023,3,7,0,3,40
2023,3,8,0,3,50
2023,3,9,-1,2,40
2023,3,10,0,4,50
2023,3,11,0,3,40
2023,3,12,0,3,40
2023,3,13,0,4,40
2023,3,14,0,3,40
2023,3,15,48.6,3,40
2023,3,16,21.4,3,50
2023,3,17,3.4,2,50
2023,3,18,0,2,50
2023,3,19,0,2,60
2023,3,20,0,2,40
2023,3,21,0,2,40
2023,3,22,0,2,60
2023,3,23,5.8,2,50
2023,3,24,10.8,2,60
2023,3,25,1.5,2,60
2023,3,26,0,2,40
2023,3,27,4.8,2,50
2023,3,28,-1,2,60
2023,3,29,16.1,2,60
2023,3,30,0.1,2,40
2023,3,31,0,2,40
2023,4,1,0,2,50
2023,4,2,0,2,100
2023,4,3,0,2,60
2023,4,4,0,3,40
2023,4,5,-1,2,70
2023,4,6,6,2,40
2023,4,7,0.2,2,60
2023,4,8,0,3,40
2023,4,9,1,3,40
2023,4,10,0,4,40
2023,4,11,94.5,2,280
2023,4,12,35.6,2,240
2023,4,13,0,1,210
2023,4,14,0,1,90
2023,4,15,0,1,90
2023,4,16,0,1,200
2023,4,17,-1,2,60
2023,4,18,0.4,2,40
2023,4,19,2.8,2,40
2023,4,20,0,2,60
2023,4,21,0,1,90
2023,4,22,0.7,2,90
2023,4,23,0.2,2,50
2023,4,24,0,3,60
2023,4,25,0.4,2,40
2023,4,26,0.4,2,60
2023,4,27,4.4,2,40
2023,4,28,2.4,2,70
2023,4,29,12.4,1,60
2023,4,30,5.6,2,80
2023,5,1,4,2,60
2023,5,2,66.6,2,40
2023,5,3,81.6,2,30
2023,5,4,15.6,2,60
2023,5,5,0,2,50
2023,5,6,0,1,80
2023,5,7,-1,1,60
2023,5,8,0,1,90
2023,5,9,0,1,110
2023,5,10,0.4,2,50
2023,5,11,0,2,60
2023,5,12,0,2,40
2023,5,13,0,3,100
2023,5,14,-1,1,90
2023,5,15,0.1,1,40
2023,5,16,7.3,1,240
2023,5,17,1.2,1,230
2023,5,18,3.8,1,60
2023,5,19,33.4,1,40
2023,5,20,0,1,50
2023,5,21,0,1,80
2023,5,22,0,1,180
2023,5,23,25.3,1,210
2023,5,24,0,1,240
2023,5,25,2,1,240
2023,5,26,7.2,2,30
2023,5,27,0,1,30
2023,5,28,0,3,260
2023,5,29,0.5,4,250
2023,5,30,28.4,3,250
2023,5,31,21,2,240
2023,6,1,6.6,3,250
2023,6,2,0,2,240
2023,6,3,2,1,260
2023,6,4,2.5,1,20
2023,6,5,0,1,70
2023,6,6,8.8,1,70
2023,6,7,0,1,90
2023,6,8,0,2,50
2023,6,9,0,2,250
2023,6,10,1.6,2,240
2023,6,11,4,2,240
2023,6,12,0,2,240
2023,6,13,0,2,240
2023,6,14,-1,1,250
2023,6,15,0.2,1,70
2023,6,16,0,2,60
2023,6,17,3.5,2,40
2023,6,18,2.6,1,60
2023,6,19,0,1,100
2023,6,20,0,1,70
2023,6,21,5.4,2,70
2023,6,22,0,1,80
2023,6,23,-1,2,60
2023,6,24,27.4,1,60
2023,6,25,4.7,1,50
2023,6,26,0,1,60
2023,6,27,12.8,1,240
2023,6,28,0.6,1,220
2023,6,29,6.6,1,260
2023,6,30,0,1,210
2023,7,1,0,1,80
2023,7,2,6,1,40
2023,7,3,11.4,1,60
2023,7,4,0.4,1,60
2023,7,5,4,2,50
2023,7,6,2,2,30
2023,7,7,0.8,1,50
2023,7,8,0,2,70
2023,7,9,3.8,1,60
2023,7,10,0,2,60
2023,7,11,1,1,280
2023,7,12,17.4,2,250
2023,7,13,4.3,2,240
2023,7,14,2.6,2,220
2023,7,15,6.8,2,210
2023,7,16,22.2,2,200
2023,7,17,0,2,240
2023,7,18,32.4,1,220
2023,7,19,13.4,1,290
2023,7,20,0,1,40
2023,7,21,0.3,1,40
2023,7,22,37.8,2,210
2023,7,23,34.6,2,120
2023,7,24,4.2,4,120
2023,7,25,71.5,4,220
2023,7,26,0,3,120
2023,7,27,1,3,180
2023,7,28,2.8,2,190
2023,7,29,0.2,2,160
2023,7,30,0.1,2,180
2023,7,31,0,3,240
2023,8,1,-1,3,230
2023,8,2,1.4,3,240
2023,8,3,0,3,240
2023,8,4,0,3,240
2023,8,5,0,3,250
2023,8,6,0,3,250
2023,8,7,0,3,250
2023,8,8,0,3,260
2023,8,9,4.4,2,250
2023,8,10,-1,2,290
2023,8,11,5.4,2,240
2023,8,12,0,2,240
2023,8,13,-1,2,240
2023,8,14,0.5,2,250
2023,8,15,-1,2,240
2023,8,16,1.6,2,250
2023,8,17,0,2,240
2023,8,18,-1,2,240
2023,8,19,-1,2,240
2023,8,20,0.1,1,240
2023,8,21,5,1,240
2023,8,22,8.9,1,260
2023,8,23,0,2,250
2023,8,24,0.3,2,280
2023,8,25,0,2,240
2023,8,26,15.1,2,250
2023,8,27,18,3,220
2023,8,28,1.3,3,240
2023,8,29,11.4,3,230
2023,8,30,12.5,3,200
2023,8,31,3,3,230
2023,9,1,0.1,2,230
2023,9,2,0.1,3,240
2023,9,3,6.4,3,230
2023,9,4,11,2,250
2023,9,5,0,2,240
2023,9,6,0,1,300
2023,9,7,0,1,90
2023,9,8,4.4,1,300
2023,9,9,0,1,50
2023,9,10,40.7,1,270
2023,9,11,1.8,1,280
2023,9,12,0.4,2,250
2023,9,13,56.2,2,240
2023,9,14,0,1,230
2023,9,15,3.8,1,200
2023,9,16,1.4,1,0
2023,9,17,9.4,1,70
2023,9,18,0,1,70
2023,9,19,0.2,1,50
2023,9,20,-1,1,100
2023,9,21,10.6,1,310
2023,9,22,5.1,1,240
2023,9,23,1.1,2,230
2023,9,24,21.8,1,280
2023,9,25,34.8,1,270
2023,9,26,18.2,1,290
2023,9,27,8.9,1,300
2023,9,28,-1,1,250
2023,9,29,9.8,1,260
2023,9,30,0,2,250
2023,10,1,1.5,2,250
2023,10,2,2.2,2,260
2023,10,3,0,2,260
2023,10,4,-1,2,250
2023,10,5,0,2,250
2023,10,6,-1,1,290
2023,10,7,2.2,0,0
2023,10,8,0,2,100
2023,10,9,63.5,2,50
2023,10,10,21,1,60
2023,10,11,1.9,1,60
2023,10,12,30.6,1,70
2023,10,13,-1,1,100
2023,10,14,5.4,1,60
2023,10,15,1.7,1,80
2023,10,16,3.4,1,50
2023,10,17,-1,1,50
2023,10,18,19,1,80
2023,10,19,0,1,100
2023,10,20,12.2,1,60
2023,10,21,0,1,300
2023,10,22,1.5,1,30
2023,10,23,2,1,50
2023,10,24,0,1,50
2023,10,25,0,2,50
2023,10,26,0,1,90
2023,10,27,-1,2,110
2023,10,28,8.5,2,60
2023,10,29,24.3,2,40
2023,10,30,34.8,2,50
2023,10,31,26.2,1,50
2023,11,1,0,1,40
2023,11,2,0,1,80
2023,11,3,0,2,50
2023,11,4,16.8,2,70
2023,11,5,3.4,1,70
2023,11,6,6.2,2,50
2023,11,7,14.4,2,50
2023,11,8,18.5,1,50
2023,11,9,5.8,2,80
2023,11,10,-1,2,60
2023,11,11,3.3,1,60
2023,11,12,0.2,2,40
2023,11,13,189.7,2,50
2023,11,14,8.6,2,40
2023,11,15,44.1,2,50
2023,11,16,13.8,3,50
2023,11,17,19.2,3,40
2023,11,18,15.3,3,30
2023,11,19,31.8,3,40
2023,11,20,35.4,2,40
2023,11,21,41.2,2,60
2023,11,22,-1,2,50
2023,11,23,-1,2,50
2023,11,24,38,2,60
2023,11,25,15,1,90
2023,11,26,4.3,2,50
2023,11,27,22.4,2,40
2023,11,28,6.6,2,50
2023,11,29,16.2,2,50
2023,11,30,8.3,2,50
2023,12,1,31.9,2,40
2023,12,2,3,2,60
2023,12,3,8.6,1,60
2023,12,4,19,1,60
2023,12,5,10.4,1,60
2023,12,6,0,1,60
2023,12,7,0,1,60
2023,12,8,0,1,50
2023,12,9,1.6,1,50
2023,12,10,5.8,1,50
2023,12,11,0.6,1,50
2023,12,12,9.2,1,50
2023,12,13,6.5,2,40
2023,12,14,23.6,2,40
2023,12,15,28.4,1,40
2023,12,16,5.4,1,40
2023,12,17,13.5,2,40
2023,12,18,35.8,2,40
2023,12,19,39.3,1,50
2023,12,20,0.2,1,40
2023,12,21,1.8,1,40
2023,12,22,66.1,1,30
2023,12,23,6.2,1,40
2023,12,24,3.2,9,40
2023,12,25,3,2,40
2023,12,26,53,2,40
2023,12,27,9.1,1,50
2023,12,28,16.9,1,40
2023,12,29,46.3,1,30
2023,12,30,14,1,40
2023,12,31,4.5,4,60
2024,1,1,1.6,1,30
2024,1,2,0,1,30
2024,1,3,0,1,40
2024,1,4,32.3,1,40
2024,1,5,22.6,2,30
2024,1,6,81.2,2,40
2024,1,7,19.2,2,40
2024,1,8,33.5,1,50
2024,1,9,7.1,1,50
2024,1,10,1.5,1,40
2024,1,11,2.6,2,60
2024,1,12,-1,3,40
2024,1,13,-1,3,40
2024,1,14,5.2,2,40
2024,1,15,0.2,3,40
2024,1,16,-1,3,50
2024,1,17,0.2,2,50
2024,1,18,14.2,1,50
2024,1,19,3.5,2,50
2024,1,20,4.2,2,70
2024,1,21,23,1,60
2024,1,22,7,2,70
2024,1,23,0.1,1,50
2024,1,24,111.5,2,40
2024,1,25,9.1,3,50
2024,1,26,0.1,2,60
2024,1,27,1,2,50
2024,1,28,2.9,3,60
2024,1,29,14.4,3,50
2024,1,30,8,3,50
2024,1,31,2.8,2,50
2024,2,1,0,2,60
2024,2,2,1.2,2,50
2024,2,3,-1,2,60
2024,2,4,-1,2,50
2024,2,5,8.4,2,60
2024,2,6,4.4,2,50
2024,2,7,1.2,2,80
2024,2,8,-1,2,100
2024,2,9,3.2,3,90
2024,2,10,14.2,3,50
2024,2,11,7.6,3,50
2024,2,12,4.7,4,50
2024,2,13,23.2,2,70
2024,2,14,1.1,2,50
2024,2,15,11.6,2,40
2024,2,16,0.4,2,50
2024,2,17,1.4,2,80
2024,2,18,7.6,2,70
2024,2,19,-1,2,90
2024,2,20,-1,3,50
2024,2,21,1.2,2,70
2024,2,22,3.6,1,30
2024,2,23,5.8,1,30
2024,2,24,10.4,1,30
2024,2,25,0.1,1,30
2024,2,26,0,2,40
2024,2,27,-1,3,40
2024,2,28,0.9,3,70
2024,2,29,0.4,2,90
2024,3,1,0,2,100
2024,3,2,0,3,70
2024,3,3,4.5,2,90
2024,3,4,0.4,2,80
2024,3,5,0,2,70
2024,3,6,0,2,100
2024,3,7,1,2,40
2024,3,8,0,2,40
2024,3,9,23.4,3,60
2024,3,10,35.7,2,50
2024,3,11,2.4,2,60
2024,3,12,0,2,50
2024,3,13,0.4,3,40
2024,3,14,7.9,2,40
2024,3,15,0,3,90
2024,3,16,0,2,90
2024,3,17,1.8,2,80
2024,3,18,-1,2,50
2024,3,19,0,2,40
2024,3,20,0.7,2,50
2024,3,21,8,3,90
2024,3,22,25.2,3,100
2024,3,23,8.1,2,90
2024,3,24,0.6,2,80
2024,3,25,11.4,2,80
2024,3,26,6.5,2,50
2024,3,27,40.6,2,80
2024,3,28,3,2,20
2024,3,29,0,2,20
2024,3,30,0,2,90
2024,3,31,2,2,90
2024,4,1,2.3,2,20
2024,4,2,3.2,1,30
2024,4,3,0.3,1,40
2024,4,4,12.2,2,20
2024,4,5,10.2,2,20
2024,4,6,2.2,2,80
2024,4,7,0,2,80
2024,4,8,4,1,20
2024,4,9,0,2,20
2024,4,10,9,1,30
2024,4,11,7.8,1,20
2024,4,12,2.6,1,20
2024,4,13,4,1,20
2024,4,14,0,1,70
2024,4,15,0,1,50
2024,4,16,0,1,30
2024,4,17,0.4,1,50
2024,4,18,0,2,50
2024,4,19,0,1,40
2024,4,20,0,1,60
2024,4,21,0,1,60
2024,4,22,6.1,1,40
2024,4,23,-1,1,50
2024,4,24,0,1,50
2024,4,25,0,1,50
2024,4,26,0,2,50
2024,4,27,0,2,70
2024,4,28,0,2,20
2024,4,29,0,1,60
2024,4,30,0,1,50
2024,5,1,-1,1,40
2024,5,2,0,1,60
2024,5,3,0.2,1,70
2024,5,4,0,2,30
2024,5,5,1,2,90
2024,5,6,2,1,70
2024,5,7,0,1,50
2024,5,8,0,1,50
2024,5,9,1.2,2,90
2024,5,10,0,1,70
2024,5,11,5.8,1,60
2024,5,12,4.2,1,30
2024,5,13,0,1,50
2024,5,14,3.6,1,50
2024,5,15,-1,1,40
2024,5,16,0,1,50
2024,5,17,0,1,40
2024,5,18,0,1,50
2024,5,19,0,1,50
2024,5,20,1.8,1,50
2024,5,21,6.2,2,50
2024,5,22,0,2,40
2024,5,23,1.6,1,50
2024,5,24,72.8,1,70
2024,5,25,35.6,1,80
2024,5,26,13.6,1,220
2024,5,27,-1,1,180
2024,5,28,0,1,150
2024,5,29,0,1,130
2024,5,30,0,1,80
2024,5,31,0,1,80
2024,6,1,0.6,2,90
2024,6,2,0,1,80
2024,6,3,-1,1,300
2024,6,4,-1,1,230
2024,6,5,18,0,0
2024,6,6,1,1,300
2024,6,7,-1,1,360
2024,6,8,19.4,0,0
2024,6,9,0,1,80
2024,6,10,0,1,30
2024,6,11,2.2,1,50
2024,6,12,0,1,60
2024,6,13,-1,1,70
2024,6,14,19.8,1,90
2024,6,15,0,1,90
2024,6,16,1.3,1,240
2024,6,17,0,0,0
2024,6,18,1.2,1,70
2024,6,19,13.8,1,70
2024,6,20,1,0,0
2024,6,21,0,1,170
2024,6,22,-1,1,40
2024,6,23,2.6,1,110
2024,6,24,7.4,1,50
2024,6,25,21.2,1,30
2024,6,26,6,1,30
2024,6,27,-1,1,30
2024,6,28,34.4,1,20
2024,6,29,2.6,1,20
2024,6,30,1,1,30
2024,7,1,0.5,1,40
2024,7,2,17.8,1,20
2024,7,3,2.5,1,40
2024,7,4,5.6,1,30
2024,7,5,1.2,1,30
2024,7,6,2.6,1,30
2024,7,7,4.2,1,30
2024,7,8,5.6,1,20
2024,7,9,5.2,0,0
2024,7,10,5.4,1,60
2024,7,11,4.7,1,40
2024,7,12,7,1,30
2024,7,13,0,1,0
2024,7,14,3.4,1,40
2024,7,15,2.6,1,90
2024,7,16,51.3,1,50
2024,7,17,90.3,1,60
2024,7,18,16.3,1,50
2024,7,19,2,1,180
2024,7,20,9.6,1,170
2024,7,21,21.1,1,170
2024,7,22,64.6,2,250
2024,7,23,44.3,2,130
2024,7,24,15,2,190
2024,7,25,0,1,190
2024,7,26,0,1,180
2024,7,27,26.8,1,30
2024,7,28,30.4,1,220
2024,7,29,21.9,1,210
2024,7,30,2.8,1,220
2024,7,31,0,1,270
2024,8,1,1.2,1,90
2024,8,2,7,1,220
2024,8,3,3.6,1,210
2024,8,4,6.6,2,240
2024,8,5,30.3,2,180
2024,8,6,6.9,2,160
2024,8,7,0,2,170
2024,8,8,2,2,240
2024,8,9,0.8,2,240
2024,8,10,4.2,2,260
2024,8,11,0,2,170
2024,8,12,1,2,240
2024,8,13,0,2,270
2024,8,14,-1,2,210
2024,8,15,0,2,240
2024,8,16,0,1,220
2024,8,17,0,1,60
2024,8,18,0,1,110
2024,8,19,29.6,1,30
2024,8,20,0,2,240
2024,8,21,0,1,40
2024,8,22,43.8,2,90
2024,8,23,0,1,80
2024,8,24,19.8,1,50
2024,8,25,3.3,1,260
2024,8,26,1.4,1,210
2024,8,27,8.6,1,210
2024,8,28,3.4,1,210
2024,8,29,0,1,180
2024,8,30,1,1,210
2024,8,31,43.6,1,170
2024,9,1,164.4,3,180
2024,9,2,12.4,2,140
2024,9,3,6.6,3,170
2024,9,4,3.4,3,170
2024,9,5,7,2,220
2024,9,6,0.2,1,240
2024,9,7,0,1,170
2024,9,8,2.6,1,200
2024,9,9,0,1,190
2024,9,10,14.2,2,210
2024,9,11,5.9,1,240
2024,9,12,54.6,3,280
2024,9,13,40.9,2,170
2024,9,14,25.4,2,160
2024,9,15,18.2,2,160
2024,9,16,40.8,1,170
2024,9,17,37.8,1,160
2024,9,18,33.8,1,180
2024,9,19,0.2,2,260
2024,9,20,0.4,1,270
2024,9,21,1,1,180
2024,9,22,6.9,1,60
2024,9,23,0,1,30
2024,9,24,3.6,1,10
2024,9,25,-1,1,90
2024,9,26,6.4,1,220
2024,9,27,-1,1,220
2024,9,28,-1,2,180
2024,9,29,0,2,230
2024,9,30,0,1,210
2024,10,1,0,1,180
2024,10,2,0,1,170
2024,10,3,0.4,1,90
2024,10,4,1.3,1,70
2024,10,5,8.2,1,10
2024,10,6,1.8,1,190
2024,10,7,48.4,1,60
2024,10,8,24.8,1,10
2024,10,9,0,1,10
2024,10,10,51.2,1,260
2024,10,11,2.2,1,130
2024,10,12,0.2,2,30
2024,10,13,0.9,1,90
2024,10,14,3.5,1,30
2024,10,15,0,1,30
2024,10,16,0,1,60
2024,10,17,1.2,1,40
2024,10,18,0,1,20
2024,10,19,-1,1,90
2024,10,20,45.5,1,10
2024,10,21,102.4,2,270
2024,10,22,431,4,260
2024,10,23,37.3,2,230
2024,10,24,13.5,1,240
2024,10,25,2.1,1,180
2024,10,26,0,2,270
2024,10,27,2.8,2,230
2024,10,28,0,2,230
2024,10,29,0.6,2,210
2024,10,30,1.4,2,210
2024,10,31,-1,1,200
2024,11,1,0,1,20
2024,11,2,1.4,2,60
2024,11,3,18,2,30
2024,11,4,20.3,1,90
2024,11,5,-1,1,210
2024,11,6,1.8,1,40
2024,11,7,0,1,30
2024,11,8,0,1,20
2024,11,9,-1,2,340
2024,11,10,0.9,1,350
2024,11,11,0,1,200
2024,11,12,-1,1,60
2024,11,13,-1,1,200
2024,11,14,0,1,120
2024,11,15,0,1,30
2024,11,16,84,6,350
2024,11,17,0,1,200
2024,11,18,0,2,40
2024,11,19,-1,1,80
2024,11,20,0.6,2,20
2024,11,21,4.4,1,50
2024,11,22,0,2,40
2024,11,23,0,2,40
2024,11,24,3.2,2,30
2024,11,25,1,2,80
2024,11,26,10.4,1,90
2024,11,27,13.4,1,40
2024,11,28,2.3,1,30
2024,11,29,47.7,2,50
2024,11,30,93.8,1,60
2024,12,1,50.6,1,10
2024,12,2,20.2,2,90
2024,12,3,0.3,1,90
2024,12,4,1.7,1,40
2024,12,5,0,1,80
2024,12,6,17.3,1,30
2024,12,7,8.9,2,20
2024,12,8,79.8,2,10
2024,12,9,63.6,2,80
2024,12,10,18.1,1,10
2024,12,11,0.2,1,30
2024,12,12,92.5,2,80
2024,12,13,1.2,1,30
2024,12,14,2,2,60
2024,12,15,38.1,2,60
2024,12,16,12.6,2,60
2024,12,17,29,1,40
2024,12,18,21.1,2,40
2024,12,19,20.2,3,50
2024,12,20,92.1,2,60
2024,12,21,10.2,2,60
2024,12,22,36,2,60
2024,12,23,16.4,2,60
2024,12,24,163,1,70
2024,12,25,3.6,1,60
2024,12,26,9.6,1,60
2024,12,27,29.2,1,60
2024,12,28,16,1,60
2024,12,29,40.8,1,60
2024,12,30,21.1,1,50
2024,12,31,13.5,1,50
